[
  {
    "last_name": "Alvarez",
    "first_name": "Adrian"
  },
  {
    "last_name": "Armstrong",
    "first_name": "Austin"
  },
  {
    "last_name": "Benavidez",
    "first_name": "Austin"
  },
  {
    "last_name": "Chau",
    "first_name": "Winston"
  },
  {
    "last_name": "Cheng",
    "first_name": "Emily"
  },
  {
    "last_name": "Cruz",
    "first_name": "Adrian"
  },
  {
    "last_name": "Donaldson",
    "first_name": "Zaahir"
  },
  {
    "last_name": "Mansoor",
    "first_name": "Shawan"
  },
  {
    "last_name": "Marrujo",
    "first_name": "Jonathan"
  },
  {
    "last_name": "Meng",
    "first_name": "Sanpichnora"
  },
  {
    "last_name": "Nguyen",
    "first_name": "Derrick"
  },
  {
    "last_name": "Nguyen",
    "first_name": "Huan"
  },
  {
    "last_name": "Sanchez",
    "first_name": "Josh"
  },
  {
    "last_name": "Tran",
    "first_name": "Vincent"
  },
  {
    "last_name": "Urias",
    "first_name": "Jesus"
  },
  {
    "last_name": "Wawrak",
    "first_name": "Shane"
  },
  {
    "last_name": "Win",
    "first_name": "Thiha"
  },
  {
    "last_name": "Wu",
    "first_name": "Anthony"
  },
  {
    "last_name": "Zambrano",
    "first_name": "Christian"
  }
]